account_name,name
中島 裕美子,システム管理者
野村 翔太,システム管理者
小泉 知実,システム管理者
近藤 陽子,システム管理者
坂本 真綾,システム管理者
中津川 花子,システム管理者
石田 零,システム管理者
江古田 舞,システム管理者
村山 洋介,システム管理者
工藤 里佳,システム管理者
宮沢 知実,システム管理者
高橋 明美,システム管理者
石田 花子,システム管理者
杉山 篤司,管理ユーザー
青山 知実,管理ユーザー
宮沢 和也,管理ユーザー
杉山 京助,管理ユーザー
江古田 亮介,管理ユーザー
鈴木 篤司,管理ユーザー
笹田 晃,管理ユーザー
若松 太郎,管理ユーザー
宇野 京助,管理ユーザー
宇野 淳,管理ユーザー
佐藤 真綾,管理ユーザー
鈴木 健一,管理ユーザー
西之園 幹,管理ユーザー
中島 直子,管理ユーザー
佐藤 舞,管理ユーザー
石田 明美,管理ユーザー
工藤 結衣,管理ユーザー
高橋 智也,管理ユーザー
津田 幹,管理ユーザー
渚 七夏,閲覧ユーザー
小泉 裕太,閲覧ユーザー
坂本 翔太,閲覧ユーザー
青山 さゆり,閲覧ユーザー
江古田 直子,閲覧ユーザー
坂本 智也,閲覧ユーザー
三宅 亮介,閲覧ユーザー
佐々木 知実,閲覧ユーザー
大垣 英樹,閲覧ユーザー
斉藤 結衣,閲覧ユーザー
小泉 晃,閲覧ユーザー
大垣 裕太,閲覧ユーザー
加藤 修平,閲覧ユーザー
杉山 くみ子,閲覧ユーザー
山本 稔,閲覧ユーザー
山本 浩,閲覧ユーザー
青山 舞,閲覧ユーザー
青田 知実,閲覧ユーザー
